,Datatype,Modeltype,Featuretype,Scoretype,The regression equation: logKa =,Number of favorable sample (N):,Pearson correlation coefficient (R),Standard deviation in fitting (SD)
0,all,linearRegression,basic,delta_G,0.01 + 4.16 * Score,283,0.542,1.83
1,all,linearRegression,basic,Affinity_Data_Value,0.00 + 4.20 * Score,283,0.553,1.81
2,all,linearRegression,basic,pKd_pKi_pIC50,0.04 + 4.12 * Score,283,0.540,1.83
3,all,linearRegression,-w,delta_G,0.03 + 3.00 * Score,283,0.561,1.80
4,all,linearRegression,-w,Affinity_Data_Value,0.00 + 3.22 * Score,283,0.549,1.82
5,all,linearRegression,-w,pKd_pKi_pIC50,0.13 + 2.86 * Score,283,0.557,1.80
6,all,linearRegression,basic-el,delta_G,0.01 + 4.16 * Score,283,0.542,1.83
7,all,linearRegression,basic-el,Affinity_Data_Value,0.00 + 4.19 * Score,283,0.554,1.81
8,all,linearRegression,basic-el,pKd_pKi_pIC50,0.03 + 4.12 * Score,283,0.540,1.83
9,all,linearRegression,-w-el,delta_G,0.03 + 3.00 * Score,283,0.561,1.80
10,all,linearRegression,-w-el,Affinity_Data_Value,0.00 + 3.22 * Score,283,0.550,1.81
11,all,linearRegression,-w-el,pKd_pKi_pIC50,0.13 + 2.86 * Score,283,0.557,1.80
12,all,linearRegression,basic-vdw,delta_G,0.01 + 4.16 * Score,283,0.542,1.83
13,all,linearRegression,basic-vdw,Affinity_Data_Value,0.00 + 4.20 * Score,283,0.553,1.81
14,all,linearRegression,basic-vdw,pKd_pKi_pIC50,0.04 + 4.12 * Score,283,0.540,1.83
15,all,linearRegression,-w-vdw,delta_G,0.01 + 4.16 * Score,283,0.542,1.83
16,all,linearRegression,-w-vdw,Affinity_Data_Value,0.00 + 4.20 * Score,283,0.553,1.81
17,all,linearRegression,-w-vdw,pKd_pKi_pIC50,0.04 + 4.12 * Score,283,0.540,1.83
18,all,linearRegression,basic-el-vdw,delta_G,0.01 + 2.48 * Score,282,0.655,1.64
19,all,linearRegression,basic-el-vdw,Affinity_Data_Value,0.00 + 2.27 * Score,281,0.658,1.64
20,all,linearRegression,basic-el-vdw,pKd_pKi_pIC50,0.04 + 2.74 * Score,280,0.634,1.68
21,all,linearRegression,-w-el-vdw,delta_G,0.01 + 2.01 * Score,281,0.643,1.67
22,all,linearRegression,-w-el-vdw,Affinity_Data_Value,0.00 + 2.52 * Score,280,0.605,1.73
23,all,linearRegression,-w-el-vdw,pKd_pKi_pIC50,0.06 + 2.23 * Score,280,0.619,1.71
24,all,linearRegression,final,delta_G,0.01 + 2.26 * Score,284,0.655,1.64
25,all,linearRegression,final,Affinity_Data_Value,0.00 + 2.40 * Score,284,0.647,1.66
26,all,linearRegression,final,pKd_pKi_pIC50,0.04 + 2.19 * Score,284,0.655,1.64
27,all,Ridge,basic,delta_G,0.01 + 4.17 * Score,283,0.541,1.83
28,all,Ridge,basic,Affinity_Data_Value,0.00 + 4.21 * Score,283,0.552,1.81
29,all,Ridge,basic,pKd_pKi_pIC50,0.03 + 4.13 * Score,283,0.540,1.83
30,all,Ridge,-w,delta_G,0.03 + 2.99 * Score,283,0.561,1.80
31,all,Ridge,-w,Affinity_Data_Value,0.00 + 3.24 * Score,283,0.547,1.82
32,all,Ridge,-w,pKd_pKi_pIC50,0.13 + 2.85 * Score,283,0.557,1.80
33,all,Ridge,basic-el,delta_G,0.01 + 4.18 * Score,283,0.541,1.83
34,all,Ridge,basic-el,Affinity_Data_Value,0.00 + 4.20 * Score,283,0.553,1.81
35,all,Ridge,basic-el,pKd_pKi_pIC50,0.03 + 4.13 * Score,283,0.539,1.83
36,all,Ridge,-w-el,delta_G,0.03 + 2.99 * Score,283,0.561,1.80
37,all,Ridge,-w-el,Affinity_Data_Value,0.00 + 3.23 * Score,283,0.548,1.82
38,all,Ridge,-w-el,pKd_pKi_pIC50,0.13 + 2.85 * Score,283,0.557,1.80
39,all,Ridge,basic-vdw,delta_G,0.01 + 4.17 * Score,283,0.541,1.83
40,all,Ridge,basic-vdw,Affinity_Data_Value,0.00 + 4.21 * Score,283,0.552,1.81
41,all,Ridge,basic-vdw,pKd_pKi_pIC50,0.03 + 4.13 * Score,283,0.540,1.83
42,all,Ridge,-w-vdw,delta_G,0.01 + 4.17 * Score,283,0.541,1.83
43,all,Ridge,-w-vdw,Affinity_Data_Value,0.00 + 4.21 * Score,283,0.552,1.81
44,all,Ridge,-w-vdw,pKd_pKi_pIC50,0.03 + 4.13 * Score,283,0.540,1.83
45,all,Ridge,basic-el-vdw,delta_G,0.01 + 2.47 * Score,282,0.655,1.64
46,all,Ridge,basic-el-vdw,Affinity_Data_Value,0.00 + 2.27 * Score,281,0.658,1.64
47,all,Ridge,basic-el-vdw,pKd_pKi_pIC50,0.04 + 2.73 * Score,280,0.634,1.68
48,all,Ridge,-w-el-vdw,delta_G,0.01 + 1.99 * Score,281,0.642,1.67
49,all,Ridge,-w-el-vdw,Affinity_Data_Value,0.00 + 2.51 * Score,280,0.606,1.73
50,all,Ridge,-w-el-vdw,pKd_pKi_pIC50,0.06 + 2.21 * Score,280,0.619,1.71
51,all,Ridge,final,delta_G,0.01 + 2.24 * Score,285,0.653,1.65
52,all,Ridge,final,Affinity_Data_Value,0.00 + 2.34 * Score,285,0.655,1.64
53,all,Ridge,final,pKd_pKi_pIC50,0.04 + 2.17 * Score,285,0.653,1.65
54,all,Lasso,basic,delta_G,0.01 + 4.16 * Score,283,0.541,1.83
55,all,Lasso,basic,Affinity_Data_Value,0.00 + 4.22 * Score,283,0.551,1.81
56,all,Lasso,basic,pKd_pKi_pIC50,0.04 + 4.11 * Score,283,0.540,1.83
57,all,Lasso,-w,delta_G,0.03 + 2.95 * Score,283,0.560,1.80
58,all,Lasso,-w,Affinity_Data_Value,0.00 + 3.24 * Score,283,0.554,1.81
59,all,Lasso,-w,pKd_pKi_pIC50,0.13 + 2.84 * Score,283,0.557,1.80
60,all,Lasso,basic-el,delta_G,0.01 + 4.17 * Score,283,0.541,1.83
61,all,Lasso,basic-el,Affinity_Data_Value,0.00 + 4.21 * Score,283,0.552,1.81
62,all,Lasso,basic-el,pKd_pKi_pIC50,0.04 + 4.11 * Score,283,0.540,1.83
63,all,Lasso,-w-el,delta_G,0.03 + 2.97 * Score,283,0.560,1.80
64,all,Lasso,-w-el,Affinity_Data_Value,0.00 + 3.24 * Score,283,0.555,1.81
65,all,Lasso,-w-el,pKd_pKi_pIC50,0.13 + 2.84 * Score,283,0.557,1.80
66,all,Lasso,basic-vdw,delta_G,0.01 + 4.16 * Score,283,0.541,1.83
67,all,Lasso,basic-vdw,Affinity_Data_Value,0.00 + 4.22 * Score,283,0.551,1.81
68,all,Lasso,basic-vdw,pKd_pKi_pIC50,0.04 + 4.12 * Score,283,0.540,1.83
69,all,Lasso,-w-vdw,delta_G,0.01 + 4.16 * Score,283,0.541,1.83
70,all,Lasso,-w-vdw,Affinity_Data_Value,0.00 + 4.22 * Score,283,0.551,1.81
71,all,Lasso,-w-vdw,pKd_pKi_pIC50,0.04 + 4.11 * Score,283,0.540,1.83
72,all,Lasso,basic-el-vdw,delta_G,0.01 + 2.14 * Score,282,0.666,1.62
73,all,Lasso,basic-el-vdw,Affinity_Data_Value,0.00 + 2.31 * Score,281,0.646,1.66
74,all,Lasso,basic-el-vdw,pKd_pKi_pIC50,0.04 + 2.66 * Score,280,0.637,1.68
75,all,Lasso,-w-el-vdw,delta_G,0.01 + 1.98 * Score,281,0.630,1.69
76,all,Lasso,-w-el-vdw,Affinity_Data_Value,0.00 + 2.56 * Score,281,0.609,1.73
77,all,Lasso,-w-el-vdw,pKd_pKi_pIC50,0.06 + 2.15 * Score,280,0.619,1.71
78,all,Lasso,final,delta_G,0.01 + 2.18 * Score,285,0.655,1.64
79,all,Lasso,final,Affinity_Data_Value,0.00 + 2.43 * Score,285,0.656,1.64
80,all,Lasso,final,pKd_pKi_pIC50,0.05 + 2.08 * Score,285,0.655,1.64
81,all,ElasticNet,basic,delta_G,0.01 + 4.18 * Score,283,0.540,1.83
82,all,ElasticNet,basic,Affinity_Data_Value,0.00 + 5.33 * Score,256,0.469,1.83
83,all,ElasticNet,basic,pKd_pKi_pIC50,0.04 + 4.12 * Score,283,0.540,1.83
84,all,ElasticNet,-w,delta_G,0.03 + 2.83 * Score,283,0.562,1.80
85,all,ElasticNet,-w,Affinity_Data_Value,-0.00 + 7.42 * Score,197,-0.426,1.89
86,all,ElasticNet,-w,pKd_pKi_pIC50,0.13 + 2.80 * Score,283,0.557,1.80
87,all,ElasticNet,basic-el,delta_G,0.01 + 4.18 * Score,283,0.540,1.83
88,all,ElasticNet,basic-el,Affinity_Data_Value,0.00 + 5.33 * Score,256,0.469,1.83
89,all,ElasticNet,basic-el,pKd_pKi_pIC50,0.04 + 4.13 * Score,283,0.539,1.83
90,all,ElasticNet,-w-el,delta_G,0.03 + 2.83 * Score,283,0.562,1.80
91,all,ElasticNet,-w-el,Affinity_Data_Value,-0.00 + 7.42 * Score,197,-0.427,1.89
92,all,ElasticNet,-w-el,pKd_pKi_pIC50,0.13 + 2.80 * Score,283,0.557,1.80
93,all,ElasticNet,basic-vdw,delta_G,0.01 + 4.18 * Score,283,0.540,1.83
94,all,ElasticNet,basic-vdw,Affinity_Data_Value,0.00 + 5.33 * Score,256,0.469,1.83
95,all,ElasticNet,basic-vdw,pKd_pKi_pIC50,0.04 + 4.12 * Score,283,0.539,1.83
96,all,ElasticNet,-w-vdw,delta_G,0.01 + 4.18 * Score,283,0.540,1.83
97,all,ElasticNet,-w-vdw,Affinity_Data_Value,0.00 + 5.33 * Score,256,0.469,1.83
98,all,ElasticNet,-w-vdw,pKd_pKi_pIC50,0.04 + 4.12 * Score,283,0.540,1.83
99,all,ElasticNet,basic-el-vdw,delta_G,0.01 + 2.40 * Score,282,0.658,1.64
100,all,ElasticNet,basic-el-vdw,Affinity_Data_Value,0.00 + 4.39 * Score,283,0.568,1.79
101,all,ElasticNet,basic-el-vdw,pKd_pKi_pIC50,0.05 + 2.60 * Score,280,0.639,1.67
102,all,ElasticNet,-w-el-vdw,delta_G,0.02 + 1.93 * Score,281,0.634,1.68
103,all,ElasticNet,-w-el-vdw,Affinity_Data_Value,0.00 + 5.22 * Score,281,0.448,1.93
104,all,ElasticNet,-w-el-vdw,pKd_pKi_pIC50,0.07 + 2.17 * Score,280,0.618,1.71
105,all,ElasticNet,final,delta_G,0.01 + 2.18 * Score,285,0.655,1.64
106,all,ElasticNet,final,Affinity_Data_Value,0.00 + 4.23 * Score,280,0.610,1.69
107,all,ElasticNet,final,pKd_pKi_pIC50,0.05 + 2.07 * Score,285,0.655,1.64
108,all,SVR,basic,delta_G,-1.09 + 27.43 * Score,283,-0.122,2.16
109,all,SVR,basic,Affinity_Data_Value,0.00 + 4.45 * Score,283,0.536,1.83
110,all,SVR,basic,pKd_pKi_pIC50,-4.23 + 32.81 * Score,283,-0.113,2.16
111,all,SVR,-w,delta_G,-0.69 + 19.83 * Score,283,-0.326,2.05
112,all,SVR,-w,Affinity_Data_Value,0.00 + 3.75 * Score,283,0.550,1.81
113,all,SVR,-w,pKd_pKi_pIC50,-3.01 + 25.88 * Score,283,-0.327,2.05
114,all,SVR,basic-el,delta_G,-1.17 + 29.06 * Score,283,-0.126,2.16
115,all,SVR,basic-el,Affinity_Data_Value,0.00 + 4.46 * Score,283,0.535,1.83
116,all,SVR,basic-el,pKd_pKi_pIC50,-13.10 + 90.77 * Score,283,-0.105,2.16
117,all,SVR,-w-el,delta_G,-0.67 + 19.48 * Score,283,-0.338,2.04
118,all,SVR,-w-el,Affinity_Data_Value,0.00 + 3.77 * Score,283,0.548,1.82
119,all,SVR,-w-el,pKd_pKi_pIC50,-2.96 + 25.64 * Score,283,-0.330,2.05
120,all,SVR,basic-vdw,delta_G,-1.09 + 27.43 * Score,283,-0.122,2.16
121,all,SVR,basic-vdw,Affinity_Data_Value,0.00 + 4.45 * Score,283,0.536,1.83
122,all,SVR,basic-vdw,pKd_pKi_pIC50,-8.71 + 62.32 * Score,283,-0.109,2.16
123,all,SVR,-w-vdw,delta_G,-1.09 + 27.43 * Score,283,-0.122,2.16
124,all,SVR,-w-vdw,Affinity_Data_Value,0.00 + 4.45 * Score,283,0.536,1.83
125,all,SVR,-w-vdw,pKd_pKi_pIC50,-8.70 + 62.30 * Score,283,-0.109,2.16
126,all,SVR,basic-el-vdw,delta_G,0.00 + 6.47 * Score,283,nan,2.17
127,all,SVR,basic-el-vdw,Affinity_Data_Value,0.00 + 3.04 * Score,282,0.643,1.66
128,all,SVR,basic-el-vdw,pKd_pKi_pIC50,0.13 + 5.62 * Score,283,nan,2.17
129,all,SVR,-w-el-vdw,delta_G,109412321.56 + -2091328020.73 * Score,283,0.098,2.16
130,all,SVR,-w-el-vdw,Affinity_Data_Value,0.00 + 2.23 * Score,281,0.646,1.66
131,all,SVR,-w-el-vdw,pKd_pKi_pIC50,5590872364.70 + -35435536809.79 * Score,283,0.098,2.16
132,all,SVR,final,delta_G,-5.27 + 113.65 * Score,285,-0.179,2.14
133,all,SVR,final,Affinity_Data_Value,0.00 + 2.49 * Score,285,0.657,1.64
134,all,SVR,final,pKd_pKi_pIC50,-24.59 + 167.56 * Score,285,-0.159,2.15
135,all,DecisionTree,basic,delta_G,0.01 + 6.27 * Score,283,0.018,2.17
136,all,DecisionTree,basic,Affinity_Data_Value,-0.00 + 6.55 * Score,283,-0.061,2.17
137,all,DecisionTree,basic,pKd_pKi_pIC50,-0.42 + 8.69 * Score,283,-0.286,2.08
138,all,DecisionTree,-w,delta_G,0.12 + 4.45 * Score,283,0.328,2.05
139,all,DecisionTree,-w,Affinity_Data_Value,-0.00 + 6.49 * Score,283,-0.025,2.17
140,all,DecisionTree,-w,pKd_pKi_pIC50,-0.70 + 9.89 * Score,283,-0.188,2.13
141,all,DecisionTree,basic-el,delta_G,-0.02 + 7.20 * Score,283,-0.059,2.17
142,all,DecisionTree,basic-el,Affinity_Data_Value,-0.00 + 6.49 * Score,283,-0.029,2.17
143,all,DecisionTree,basic-el,pKd_pKi_pIC50,-0.08 + 6.99 * Score,283,-0.055,2.17
144,all,DecisionTree,-w-el,delta_G,0.04 + 5.03 * Score,283,0.221,2.12
145,all,DecisionTree,-w-el,Affinity_Data_Value,0.00 + 6.47 * Score,283,0.020,2.17
146,all,DecisionTree,-w-el,pKd_pKi_pIC50,-0.19 + 7.68 * Score,283,-0.152,2.15
147,all,DecisionTree,basic-vdw,delta_G,-0.07 + 7.29 * Score,283,-0.112,2.16
148,all,DecisionTree,basic-vdw,Affinity_Data_Value,-0.00 + 6.55 * Score,283,-0.085,2.16
149,all,DecisionTree,basic-vdw,pKd_pKi_pIC50,-0.10 + 7.23 * Score,283,-0.046,2.17
150,all,DecisionTree,-w-vdw,delta_G,-0.01 + 6.67 * Score,283,-0.020,2.17
151,all,DecisionTree,-w-vdw,Affinity_Data_Value,0.00 + 6.13 * Score,283,0.065,2.17
152,all,DecisionTree,-w-vdw,pKd_pKi_pIC50,0.66 + 3.03 * Score,283,0.228,2.12
153,all,DecisionTree,basic-el-vdw,delta_G,-0.05 + 7.51 * Score,283,-0.086,2.16
154,all,DecisionTree,basic-el-vdw,Affinity_Data_Value,0.00 + 6.47 * Score,283,0.001,2.17
155,all,DecisionTree,basic-el-vdw,pKd_pKi_pIC50,-0.27 + 8.38 * Score,283,-0.082,2.17
156,all,DecisionTree,-w-el-vdw,delta_G,0.01 + 6.28 * Score,283,0.029,2.17
157,all,DecisionTree,-w-el-vdw,Affinity_Data_Value,0.00 + 6.25 * Score,283,0.192,2.13
158,all,DecisionTree,-w-el-vdw,pKd_pKi_pIC50,0.32 + 4.25 * Score,283,0.285,2.08
159,all,DecisionTree,final,delta_G,-0.10 + 9.55 * Score,285,-0.344,2.04
160,all,DecisionTree,final,Affinity_Data_Value,-0.00 + 6.70 * Score,285,-0.164,2.14
161,all,DecisionTree,final,pKd_pKi_pIC50,0.11 + 5.55 * Score,285,0.036,2.17
162,all,RandomForest,basic,delta_G,-0.29 + 13.22 * Score,283,-0.197,2.13
163,all,RandomForest,basic,Affinity_Data_Value,0.00 + 5.78 * Score,283,0.234,2.11
164,all,RandomForest,basic,pKd_pKi_pIC50,-0.60 + 10.64 * Score,283,-0.069,2.17
165,all,RandomForest,-w,delta_G,-0.32 + 13.95 * Score,283,-0.178,2.14
166,all,RandomForest,-w,Affinity_Data_Value,0.00 + 5.81 * Score,283,0.231,2.11
167,all,RandomForest,-w,pKd_pKi_pIC50,-0.95 + 13.13 * Score,283,-0.100,2.16
168,all,RandomForest,basic-el,delta_G,-0.26 + 12.59 * Score,283,-0.133,2.15
169,all,RandomForest,basic-el,Affinity_Data_Value,0.00 + 5.92 * Score,283,0.158,2.15
170,all,RandomForest,basic-el,pKd_pKi_pIC50,-0.30 + 8.61 * Score,283,-0.035,2.17
171,all,RandomForest,-w-el,delta_G,-0.12 + 9.30 * Score,283,-0.075,2.17
172,all,RandomForest,-w-el,Affinity_Data_Value,0.00 + 5.53 * Score,283,0.253,2.10
173,all,RandomForest,-w-el,pKd_pKi_pIC50,-1.03 + 13.70 * Score,283,-0.100,2.16
174,all,RandomForest,basic-vdw,delta_G,-0.42 + 16.26 * Score,283,-0.215,2.12
175,all,RandomForest,basic-vdw,Affinity_Data_Value,0.00 + 5.77 * Score,283,0.192,2.13
176,all,RandomForest,basic-vdw,pKd_pKi_pIC50,-0.34 + 8.86 * Score,283,-0.032,2.17
177,all,RandomForest,-w-vdw,delta_G,-0.37 + 15.03 * Score,283,-0.198,2.13
178,all,RandomForest,-w-vdw,Affinity_Data_Value,0.00 + 5.96 * Score,283,0.177,2.14
179,all,RandomForest,-w-vdw,pKd_pKi_pIC50,-0.90 + 12.92 * Score,283,-0.082,2.17
180,all,RandomForest,basic-el-vdw,delta_G,-0.28 + 12.80 * Score,283,-0.125,2.16
181,all,RandomForest,basic-el-vdw,Affinity_Data_Value,0.00 + 5.90 * Score,283,0.251,2.10
182,all,RandomForest,basic-el-vdw,pKd_pKi_pIC50,-0.13 + 7.36 * Score,283,-0.017,2.17
183,all,RandomForest,-w-el-vdw,delta_G,-0.47 + 17.26 * Score,283,-0.247,2.11
184,all,RandomForest,-w-el-vdw,Affinity_Data_Value,0.00 + 5.80 * Score,283,0.251,2.10
185,all,RandomForest,-w-el-vdw,pKd_pKi_pIC50,-1.08 + 13.81 * Score,283,-0.127,2.15
186,all,RandomForest,final,delta_G,0.60 + -8.59 * Score,285,0.245,2.11
187,all,RandomForest,final,Affinity_Data_Value,0.00 + 6.36 * Score,285,0.034,2.17
188,all,RandomForest,final,pKd_pKi_pIC50,1.47 + -4.11 * Score,285,0.091,2.17
189,ki,linearRegression,basic,delta_G,0.01 + 4.36 * Score,283,0.528,1.84
190,ki,linearRegression,basic,Affinity_Data_Value,0.00 + 4.34 * Score,282,0.536,1.83
191,ki,linearRegression,basic,pKd_pKi_pIC50,0.03 + 4.30 * Score,283,0.529,1.84
192,ki,linearRegression,-w,delta_G,0.03 + 2.87 * Score,283,0.559,1.80
193,ki,linearRegression,-w,Affinity_Data_Value,0.00 + 3.87 * Score,283,0.480,1.91
194,ki,linearRegression,-w,pKd_pKi_pIC50,0.12 + 2.90 * Score,283,0.552,1.81
195,ki,linearRegression,basic-el,delta_G,0.01 + 4.36 * Score,283,0.528,1.85
196,ki,linearRegression,basic-el,Affinity_Data_Value,0.00 + 4.32 * Score,282,0.538,1.82
197,ki,linearRegression,basic-el,pKd_pKi_pIC50,0.03 + 4.30 * Score,283,0.529,1.84
198,ki,linearRegression,-w-el,delta_G,0.03 + 2.88 * Score,283,0.559,1.80
199,ki,linearRegression,-w-el,Affinity_Data_Value,0.00 + 3.85 * Score,283,0.484,1.90
200,ki,linearRegression,-w-el,pKd_pKi_pIC50,0.12 + 2.91 * Score,283,0.552,1.81
201,ki,linearRegression,basic-vdw,delta_G,0.01 + 4.36 * Score,283,0.528,1.84
202,ki,linearRegression,basic-vdw,Affinity_Data_Value,0.00 + 4.34 * Score,282,0.536,1.83
203,ki,linearRegression,basic-vdw,pKd_pKi_pIC50,0.03 + 4.30 * Score,283,0.529,1.84
204,ki,linearRegression,-w-vdw,delta_G,0.01 + 4.36 * Score,283,0.528,1.84
205,ki,linearRegression,-w-vdw,Affinity_Data_Value,0.00 + 4.34 * Score,282,0.536,1.83
206,ki,linearRegression,-w-vdw,pKd_pKi_pIC50,0.03 + 4.30 * Score,283,0.529,1.84
207,ki,linearRegression,basic-el-vdw,delta_G,0.01 + 2.92 * Score,282,0.636,1.68
208,ki,linearRegression,basic-el-vdw,Affinity_Data_Value,0.00 + 2.38 * Score,280,0.651,1.65
209,ki,linearRegression,basic-el-vdw,pKd_pKi_pIC50,0.03 + 3.29 * Score,280,0.604,1.74
210,ki,linearRegression,-w-el-vdw,delta_G,0.01 + 2.04 * Score,281,0.639,1.67
211,ki,linearRegression,-w-el-vdw,Affinity_Data_Value,0.00 + 2.56 * Score,279,0.605,1.73
212,ki,linearRegression,-w-el-vdw,pKd_pKi_pIC50,0.06 + 2.12 * Score,278,0.633,1.69
213,ki,linearRegression,final,delta_G,-0.00 + 6.50 * Score,285,-0.080,2.17
214,ki,linearRegression,final,Affinity_Data_Value,-0.00 + 6.50 * Score,285,-0.080,2.17
215,ki,linearRegression,final,pKd_pKi_pIC50,-0.00 + 6.50 * Score,285,-0.080,2.17
216,ki,Ridge,basic,delta_G,0.01 + 4.37 * Score,283,0.527,1.85
217,ki,Ridge,basic,Affinity_Data_Value,0.00 + 4.34 * Score,282,0.537,1.82
218,ki,Ridge,basic,pKd_pKi_pIC50,0.03 + 4.32 * Score,283,0.528,1.85
219,ki,Ridge,-w,delta_G,0.03 + 2.92 * Score,283,0.546,1.82
220,ki,Ridge,-w,Affinity_Data_Value,0.00 + 3.82 * Score,283,0.488,1.90
221,ki,Ridge,-w,pKd_pKi_pIC50,0.13 + 2.90 * Score,283,0.551,1.81
222,ki,Ridge,basic-el,delta_G,0.01 + 4.38 * Score,283,0.527,1.85
223,ki,Ridge,basic-el,Affinity_Data_Value,0.00 + 4.32 * Score,282,0.539,1.82
224,ki,Ridge,basic-el,pKd_pKi_pIC50,0.03 + 4.32 * Score,283,0.528,1.85
225,ki,Ridge,-w-el,delta_G,0.03 + 2.93 * Score,283,0.545,1.82
226,ki,Ridge,-w-el,Affinity_Data_Value,0.00 + 3.79 * Score,283,0.492,1.89
227,ki,Ridge,-w-el,pKd_pKi_pIC50,0.13 + 2.90 * Score,283,0.551,1.81
228,ki,Ridge,basic-vdw,delta_G,0.01 + 4.37 * Score,283,0.527,1.85
229,ki,Ridge,basic-vdw,Affinity_Data_Value,0.00 + 4.34 * Score,282,0.537,1.82
230,ki,Ridge,basic-vdw,pKd_pKi_pIC50,0.03 + 4.32 * Score,283,0.528,1.85
231,ki,Ridge,-w-vdw,delta_G,0.01 + 4.37 * Score,283,0.527,1.85
232,ki,Ridge,-w-vdw,Affinity_Data_Value,0.00 + 4.34 * Score,282,0.537,1.82
233,ki,Ridge,-w-vdw,pKd_pKi_pIC50,0.03 + 4.32 * Score,283,0.528,1.85
234,ki,Ridge,basic-el-vdw,delta_G,0.01 + 2.95 * Score,282,0.635,1.68
235,ki,Ridge,basic-el-vdw,Affinity_Data_Value,0.00 + 2.38 * Score,280,0.652,1.65
236,ki,Ridge,basic-el-vdw,pKd_pKi_pIC50,0.03 + 3.30 * Score,280,0.603,1.74
237,ki,Ridge,-w-el-vdw,delta_G,0.01 + 2.02 * Score,281,0.639,1.68
238,ki,Ridge,-w-el-vdw,Affinity_Data_Value,0.00 + 2.71 * Score,280,0.592,1.75
239,ki,Ridge,-w-el-vdw,pKd_pKi_pIC50,0.07 + 2.07 * Score,278,0.633,1.69
240,ki,Ridge,final,delta_G,0.01 + 2.21 * Score,285,0.658,1.64
241,ki,Ridge,final,Affinity_Data_Value,0.00 + 2.47 * Score,285,0.648,1.66
242,ki,Ridge,final,pKd_pKi_pIC50,0.03 + 2.16 * Score,285,0.657,1.64
243,ki,Lasso,basic,delta_G,0.01 + 4.37 * Score,283,0.527,1.85
244,ki,Lasso,basic,Affinity_Data_Value,0.00 + 4.33 * Score,283,0.541,1.83
245,ki,Lasso,basic,pKd_pKi_pIC50,0.03 + 4.31 * Score,283,0.528,1.84
246,ki,Lasso,-w,delta_G,0.03 + 2.92 * Score,283,0.546,1.82
247,ki,Lasso,-w,Affinity_Data_Value,0.00 + 3.88 * Score,283,0.489,1.89
248,ki,Lasso,-w,pKd_pKi_pIC50,0.13 + 2.89 * Score,283,0.549,1.82
249,ki,Lasso,basic-el,delta_G,0.01 + 4.37 * Score,283,0.527,1.85
250,ki,Lasso,basic-el,Affinity_Data_Value,0.00 + 4.31 * Score,283,0.543,1.82
251,ki,Lasso,basic-el,pKd_pKi_pIC50,0.03 + 4.33 * Score,283,0.526,1.85
252,ki,Lasso,-w-el,delta_G,0.03 + 2.94 * Score,283,0.544,1.82
253,ki,Lasso,-w-el,Affinity_Data_Value,0.00 + 5.01 * Score,276,0.432,1.94
254,ki,Lasso,-w-el,pKd_pKi_pIC50,0.13 + 2.90 * Score,283,0.550,1.82
255,ki,Lasso,basic-vdw,delta_G,0.01 + 4.37 * Score,283,0.527,1.85
256,ki,Lasso,basic-vdw,Affinity_Data_Value,0.00 + 4.33 * Score,283,0.542,1.83
257,ki,Lasso,basic-vdw,pKd_pKi_pIC50,0.03 + 4.32 * Score,283,0.527,1.85
258,ki,Lasso,-w-vdw,delta_G,0.01 + 4.37 * Score,283,0.527,1.85
259,ki,Lasso,-w-vdw,Affinity_Data_Value,0.00 + 4.32 * Score,283,0.542,1.83
260,ki,Lasso,-w-vdw,pKd_pKi_pIC50,0.03 + 4.32 * Score,283,0.527,1.85
261,ki,Lasso,basic-el-vdw,delta_G,0.01 + 2.95 * Score,282,0.634,1.68
262,ki,Lasso,basic-el-vdw,Affinity_Data_Value,0.00 + 2.38 * Score,280,0.647,1.66
263,ki,Lasso,basic-el-vdw,pKd_pKi_pIC50,0.03 + 3.29 * Score,280,0.604,1.73
264,ki,Lasso,-w-el-vdw,delta_G,0.01 + 1.97 * Score,281,0.637,1.68
265,ki,Lasso,-w-el-vdw,Affinity_Data_Value,0.00 + 2.76 * Score,283,0.591,1.75
266,ki,Lasso,-w-el-vdw,pKd_pKi_pIC50,0.07 + 2.03 * Score,278,0.633,1.69
267,ki,Lasso,final,delta_G,0.01 + 2.21 * Score,285,0.656,1.64
268,ki,Lasso,final,Affinity_Data_Value,0.00 + 2.49 * Score,285,0.654,1.64
269,ki,Lasso,final,pKd_pKi_pIC50,0.03 + 2.15 * Score,285,0.657,1.64
270,ki,ElasticNet,basic,delta_G,0.01 + 4.38 * Score,283,0.527,1.85
271,ki,ElasticNet,basic,Affinity_Data_Value,0.00 + 5.26 * Score,258,0.468,1.85
272,ki,ElasticNet,basic,pKd_pKi_pIC50,0.03 + 4.33 * Score,283,0.526,1.85
273,ki,ElasticNet,-w,delta_G,0.03 + 2.95 * Score,283,0.541,1.83
274,ki,ElasticNet,-w,Affinity_Data_Value,-0.00 + 7.34 * Score,165,-0.446,1.85
275,ki,ElasticNet,-w,pKd_pKi_pIC50,0.13 + 2.88 * Score,283,0.548,1.82
276,ki,ElasticNet,basic-el,delta_G,0.01 + 4.38 * Score,283,0.527,1.85
277,ki,ElasticNet,basic-el,Affinity_Data_Value,0.00 + 5.26 * Score,258,0.468,1.85
278,ki,ElasticNet,basic-el,pKd_pKi_pIC50,0.03 + 4.33 * Score,283,0.526,1.85
279,ki,ElasticNet,-w-el,delta_G,0.03 + 2.96 * Score,283,0.540,1.83
280,ki,ElasticNet,-w-el,Affinity_Data_Value,-0.00 + 7.32 * Score,166,-0.444,1.84
281,ki,ElasticNet,-w-el,pKd_pKi_pIC50,0.13 + 2.88 * Score,283,0.547,1.82
282,ki,ElasticNet,basic-vdw,delta_G,0.01 + 4.38 * Score,283,0.527,1.85
283,ki,ElasticNet,basic-vdw,Affinity_Data_Value,0.00 + 5.26 * Score,258,0.468,1.85
284,ki,ElasticNet,basic-vdw,pKd_pKi_pIC50,0.03 + 4.32 * Score,283,0.527,1.85
285,ki,ElasticNet,-w-vdw,delta_G,0.01 + 4.38 * Score,283,0.526,1.85
286,ki,ElasticNet,-w-vdw,Affinity_Data_Value,0.00 + 5.26 * Score,258,0.468,1.85
287,ki,ElasticNet,-w-vdw,pKd_pKi_pIC50,0.03 + 4.32 * Score,283,0.528,1.85
288,ki,ElasticNet,basic-el-vdw,delta_G,0.01 + 2.94 * Score,282,0.635,1.68
289,ki,ElasticNet,basic-el-vdw,Affinity_Data_Value,0.00 + 4.35 * Score,283,0.559,1.80
290,ki,ElasticNet,basic-el-vdw,pKd_pKi_pIC50,0.03 + 3.29 * Score,280,0.604,1.74
291,ki,ElasticNet,-w-el-vdw,delta_G,0.01 + 1.94 * Score,281,0.639,1.67
292,ki,ElasticNet,-w-el-vdw,Affinity_Data_Value,0.00 + 5.14 * Score,283,0.441,1.95
293,ki,ElasticNet,-w-el-vdw,pKd_pKi_pIC50,0.07 + 2.01 * Score,278,0.633,1.69
294,ki,ElasticNet,final,delta_G,0.01 + 2.17 * Score,285,0.657,1.64
295,ki,ElasticNet,final,Affinity_Data_Value,0.00 + 4.50 * Score,276,0.590,1.70
296,ki,ElasticNet,final,pKd_pKi_pIC50,0.04 + 2.13 * Score,285,0.657,1.64
297,ki,SVR,basic,delta_G,-0.96 + 26.69 * Score,283,-0.116,2.16
298,ki,SVR,basic,Affinity_Data_Value,0.00 + 4.48 * Score,283,0.534,1.84
299,ki,SVR,basic,pKd_pKi_pIC50,-5.70 + 44.10 * Score,283,-0.115,2.16
300,ki,SVR,-w,delta_G,-0.78 + 22.87 * Score,283,-0.326,2.05
301,ki,SVR,-w,Affinity_Data_Value,0.00 + 4.04 * Score,283,0.523,1.85
302,ki,SVR,-w,pKd_pKi_pIC50,-2.69 + 24.36 * Score,283,-0.318,2.06
303,ki,SVR,basic-el,delta_G,-1.24 + 33.60 * Score,283,-0.118,2.16
304,ki,SVR,basic-el,Affinity_Data_Value,0.00 + 4.48 * Score,283,0.533,1.84
305,ki,SVR,basic-el,pKd_pKi_pIC50,-9.90 + 72.32 * Score,283,-0.114,2.16
306,ki,SVR,-w-el,delta_G,-0.80 + 24.01 * Score,283,-0.323,2.06
307,ki,SVR,-w-el,Affinity_Data_Value,0.00 + 4.06 * Score,283,0.520,1.86
308,ki,SVR,-w-el,pKd_pKi_pIC50,-2.64 + 24.16 * Score,283,-0.298,2.07
309,ki,SVR,basic-vdw,delta_G,-0.96 + 26.69 * Score,283,-0.116,2.16
310,ki,SVR,basic-vdw,Affinity_Data_Value,0.00 + 4.48 * Score,283,0.534,1.84
311,ki,SVR,basic-vdw,pKd_pKi_pIC50,-5.70 + 44.10 * Score,283,-0.115,2.16
312,ki,SVR,-w-vdw,delta_G,-0.96 + 26.69 * Score,283,-0.116,2.16
313,ki,SVR,-w-vdw,Affinity_Data_Value,0.00 + 4.48 * Score,283,0.534,1.84
314,ki,SVR,-w-vdw,pKd_pKi_pIC50,-5.70 + 44.10 * Score,283,-0.115,2.16
315,ki,SVR,basic-el-vdw,delta_G,0.00 + 6.47 * Score,283,nan,2.17
316,ki,SVR,basic-el-vdw,Affinity_Data_Value,0.00 + 2.99 * Score,282,0.645,1.66
317,ki,SVR,basic-el-vdw,pKd_pKi_pIC50,0.07 + 6.04 * Score,283,nan,2.17
318,ki,SVR,-w-el-vdw,delta_G,16641379977.79 + -364287325937.39 * Score,283,0.099,2.16
319,ki,SVR,-w-el-vdw,Affinity_Data_Value,0.00 + 2.28 * Score,281,0.641,1.67
320,ki,SVR,-w-el-vdw,pKd_pKi_pIC50,203801765949.24 + -1325180670608.99 * Score,283,0.099,2.16
321,ki,SVR,final,delta_G,-5.33 + 122.69 * Score,285,-0.170,2.14
322,ki,SVR,final,Affinity_Data_Value,0.00 + 2.47 * Score,285,0.659,1.64
323,ki,SVR,final,pKd_pKi_pIC50,-19.14 + 133.24 * Score,285,-0.164,2.14
324,ki,DecisionTree,basic,delta_G,-0.05 + 7.76 * Score,283,-0.193,2.13
325,ki,DecisionTree,basic,Affinity_Data_Value,0.00 + 6.47 * Score,283,0.017,2.17
326,ki,DecisionTree,basic,pKd_pKi_pIC50,0.24 + 4.54 * Score,283,0.098,2.16
327,ki,DecisionTree,-w,delta_G,-0.09 + 8.66 * Score,283,-0.263,2.10
328,ki,DecisionTree,-w,Affinity_Data_Value,-0.00 + 6.53 * Score,283,-0.135,2.15
329,ki,DecisionTree,-w,pKd_pKi_pIC50,0.40 + 3.30 * Score,283,0.161,2.14
330,ki,DecisionTree,basic-el,delta_G,0.02 + 6.13 * Score,283,0.067,2.17
331,ki,DecisionTree,basic-el,Affinity_Data_Value,0.00 + 6.47 * Score,283,0.007,2.17
332,ki,DecisionTree,basic-el,pKd_pKi_pIC50,-0.11 + 7.47 * Score,283,-0.031,2.17
333,ki,DecisionTree,-w-el,delta_G,-0.03 + 7.18 * Score,283,-0.111,2.16
334,ki,DecisionTree,-w-el,Affinity_Data_Value,-0.00 + 6.78 * Score,283,-0.113,2.16
335,ki,DecisionTree,-w-el,pKd_pKi_pIC50,-0.38 + 9.44 * Score,283,-0.216,2.12
336,ki,DecisionTree,basic-vdw,delta_G,-0.02 + 7.03 * Score,283,-0.057,2.17
337,ki,DecisionTree,basic-vdw,Affinity_Data_Value,0.00 + 6.44 * Score,283,0.094,2.16
338,ki,DecisionTree,basic-vdw,pKd_pKi_pIC50,0.38 + 3.40 * Score,283,0.161,2.14
339,ki,DecisionTree,-w-vdw,delta_G,0.01 + 6.33 * Score,283,0.015,2.17
340,ki,DecisionTree,-w-vdw,Affinity_Data_Value,-0.00 + 6.51 * Score,283,-0.077,2.17
341,ki,DecisionTree,-w-vdw,pKd_pKi_pIC50,-0.38 + 9.58 * Score,283,-0.260,2.10
342,ki,DecisionTree,basic-el-vdw,delta_G,-0.04 + 7.61 * Score,283,-0.205,2.13
343,ki,DecisionTree,basic-el-vdw,Affinity_Data_Value,0.00 + 6.47 * Score,283,0.009,2.17
344,ki,DecisionTree,basic-el-vdw,pKd_pKi_pIC50,0.34 + 3.49 * Score,283,0.165,2.14
345,ki,DecisionTree,-w-el-vdw,delta_G,0.03 + 5.31 * Score,283,0.187,2.13
346,ki,DecisionTree,-w-el-vdw,Affinity_Data_Value,-0.00 + 6.51 * Score,283,-0.108,2.16
347,ki,DecisionTree,-w-el-vdw,pKd_pKi_pIC50,0.11 + 5.76 * Score,283,0.088,2.16
348,ki,DecisionTree,final,delta_G,0.00 + 6.44 * Score,285,0.003,2.17
349,ki,DecisionTree,final,Affinity_Data_Value,-0.00 + 6.53 * Score,285,-0.146,2.15
350,ki,DecisionTree,final,pKd_pKi_pIC50,0.12 + 5.58 * Score,285,0.061,2.17
351,ki,RandomForest,basic,delta_G,0.10 + 3.75 * Score,283,0.044,2.17
352,ki,RandomForest,basic,Affinity_Data_Value,0.00 + 5.72 * Score,283,0.322,2.06
353,ki,RandomForest,basic,pKd_pKi_pIC50,0.59 + 1.85 * Score,283,0.044,2.17
354,ki,RandomForest,-w,delta_G,0.30 + -1.92 * Score,283,0.118,2.16
355,ki,RandomForest,-w,Affinity_Data_Value,0.00 + 5.76 * Score,283,0.316,2.06
356,ki,RandomForest,-w,pKd_pKi_pIC50,2.64 + -14.24 * Score,283,0.201,2.13
357,ki,RandomForest,basic-el,delta_G,0.33 + -2.96 * Score,283,0.123,2.16
358,ki,RandomForest,basic-el,Affinity_Data_Value,0.00 + 5.98 * Score,283,0.186,2.13
359,ki,RandomForest,basic-el,pKd_pKi_pIC50,3.18 + -19.01 * Score,283,0.235,2.11
360,ki,RandomForest,-w-el,delta_G,0.46 + -6.55 * Score,283,0.212,2.12
361,ki,RandomForest,-w-el,Affinity_Data_Value,0.00 + 5.99 * Score,283,0.201,2.13
362,ki,RandomForest,-w-el,pKd_pKi_pIC50,3.18 + -18.87 * Score,283,0.239,2.11
363,ki,RandomForest,basic-vdw,delta_G,0.41 + -5.06 * Score,283,0.159,2.14
364,ki,RandomForest,basic-vdw,Affinity_Data_Value,0.00 + 5.88 * Score,283,0.167,2.14
365,ki,RandomForest,basic-vdw,pKd_pKi_pIC50,2.38 + -12.23 * Score,283,0.153,2.15
366,ki,RandomForest,-w-vdw,delta_G,-0.32 + 15.36 * Score,283,-0.124,2.16
367,ki,RandomForest,-w-vdw,Affinity_Data_Value,0.00 + 5.73 * Score,283,0.245,2.11
368,ki,RandomForest,-w-vdw,pKd_pKi_pIC50,2.04 + -9.60 * Score,283,0.147,2.15
369,ki,RandomForest,basic-el-vdw,delta_G,0.05 + 5.18 * Score,283,0.017,2.17
370,ki,RandomForest,basic-el-vdw,Affinity_Data_Value,0.00 + 5.76 * Score,283,0.273,2.09
371,ki,RandomForest,basic-el-vdw,pKd_pKi_pIC50,3.11 + -18.02 * Score,283,0.162,2.14
372,ki,RandomForest,-w-el-vdw,delta_G,0.18 + 1.55 * Score,283,0.054,2.17
373,ki,RandomForest,-w-el-vdw,Affinity_Data_Value,0.00 + 5.33 * Score,283,0.319,2.06
374,ki,RandomForest,-w-el-vdw,pKd_pKi_pIC50,2.25 + -11.13 * Score,283,0.151,2.15
375,ki,RandomForest,final,delta_G,0.24 + 0.33 * Score,285,0.175,2.14
376,ki,RandomForest,final,Affinity_Data_Value,0.00 + 2.28 * Score,285,0.229,2.12
377,ki,RandomForest,final,pKd_pKi_pIC50,0.41 + 3.21 * Score,285,0.059,2.17
378,kd,linearRegression,basic,delta_G,0.01 + 4.21 * Score,283,0.539,1.83
379,kd,linearRegression,basic,Affinity_Data_Value,0.00 + 4.27 * Score,283,0.547,1.82
380,kd,linearRegression,basic,pKd_pKi_pIC50,0.04 + 4.16 * Score,283,0.537,1.83
381,kd,linearRegression,-w,delta_G,0.03 + 3.08 * Score,283,0.556,1.81
382,kd,linearRegression,-w,Affinity_Data_Value,0.00 + 3.39 * Score,283,0.533,1.84
383,kd,linearRegression,-w,pKd_pKi_pIC50,0.14 + 2.75 * Score,283,0.558,1.80
384,kd,linearRegression,basic-el,delta_G,0.01 + 4.21 * Score,283,0.538,1.83
385,kd,linearRegression,basic-el,Affinity_Data_Value,0.00 + 4.27 * Score,283,0.547,1.82
386,kd,linearRegression,basic-el,pKd_pKi_pIC50,0.04 + 4.17 * Score,283,0.537,1.83
387,kd,linearRegression,-w-el,delta_G,0.03 + 3.09 * Score,283,0.555,1.81
388,kd,linearRegression,-w-el,Affinity_Data_Value,0.00 + 3.39 * Score,283,0.533,1.84
389,kd,linearRegression,-w-el,pKd_pKi_pIC50,0.14 + 2.76 * Score,283,0.557,1.80
390,kd,linearRegression,basic-vdw,delta_G,0.01 + 4.21 * Score,283,0.539,1.83
391,kd,linearRegression,basic-vdw,Affinity_Data_Value,0.00 + 4.27 * Score,283,0.547,1.82
392,kd,linearRegression,basic-vdw,pKd_pKi_pIC50,0.04 + 4.16 * Score,283,0.537,1.83
393,kd,linearRegression,-w-vdw,delta_G,0.01 + 4.21 * Score,283,0.539,1.83
394,kd,linearRegression,-w-vdw,Affinity_Data_Value,0.00 + 4.27 * Score,283,0.547,1.82
395,kd,linearRegression,-w-vdw,pKd_pKi_pIC50,0.04 + 4.16 * Score,283,0.537,1.83
396,kd,linearRegression,basic-el-vdw,delta_G,0.01 + 2.87 * Score,282,0.634,1.68
397,kd,linearRegression,basic-el-vdw,Affinity_Data_Value,0.00 + 2.17 * Score,282,0.665,1.62
398,kd,linearRegression,basic-el-vdw,pKd_pKi_pIC50,0.04 + 2.76 * Score,282,0.637,1.68
399,kd,linearRegression,-w-el-vdw,delta_G,0.02 + 2.07 * Score,281,0.640,1.67
400,kd,linearRegression,-w-el-vdw,Affinity_Data_Value,0.00 + 2.33 * Score,281,0.618,1.71
401,kd,linearRegression,-w-el-vdw,pKd_pKi_pIC50,0.08 + 1.85 * Score,281,0.643,1.67
402,kd,linearRegression,final,delta_G,0.00 + 6.50 * Score,283,0.026,2.17
403,kd,linearRegression,final,Affinity_Data_Value,0.00 + 2.33 * Score,278,0.660,1.63
404,kd,linearRegression,final,pKd_pKi_pIC50,-0.00 + 6.51 * Score,284,-0.080,2.16
405,kd,Ridge,basic,delta_G,0.01 + 4.21 * Score,283,0.538,1.83
406,kd,Ridge,basic,Affinity_Data_Value,0.00 + 4.27 * Score,283,0.548,1.82
407,kd,Ridge,basic,pKd_pKi_pIC50,0.04 + 4.16 * Score,283,0.537,1.83
408,kd,Ridge,-w,delta_G,0.03 + 2.96 * Score,283,0.556,1.81
409,kd,Ridge,-w,Affinity_Data_Value,0.00 + 3.36 * Score,283,0.537,1.83
410,kd,Ridge,-w,pKd_pKi_pIC50,0.15 + 2.74 * Score,283,0.558,1.80
411,kd,Ridge,basic-el,delta_G,0.01 + 4.21 * Score,283,0.538,1.83
412,kd,Ridge,basic-el,Affinity_Data_Value,0.00 + 4.27 * Score,283,0.548,1.82
413,kd,Ridge,basic-el,pKd_pKi_pIC50,0.04 + 4.17 * Score,283,0.537,1.83
414,kd,Ridge,-w-el,delta_G,0.03 + 2.97 * Score,283,0.555,1.81
415,kd,Ridge,-w-el,Affinity_Data_Value,0.00 + 3.36 * Score,283,0.537,1.83
416,kd,Ridge,-w-el,pKd_pKi_pIC50,0.15 + 2.74 * Score,283,0.557,1.80
417,kd,Ridge,basic-vdw,delta_G,0.01 + 4.21 * Score,283,0.538,1.83
418,kd,Ridge,basic-vdw,Affinity_Data_Value,0.00 + 4.27 * Score,283,0.548,1.82
419,kd,Ridge,basic-vdw,pKd_pKi_pIC50,0.04 + 4.16 * Score,283,0.537,1.83
420,kd,Ridge,-w-vdw,delta_G,0.01 + 4.21 * Score,283,0.538,1.83
421,kd,Ridge,-w-vdw,Affinity_Data_Value,0.00 + 4.27 * Score,283,0.548,1.82
422,kd,Ridge,-w-vdw,pKd_pKi_pIC50,0.04 + 4.16 * Score,283,0.537,1.83
423,kd,Ridge,basic-el-vdw,delta_G,0.01 + 2.84 * Score,282,0.636,1.68
424,kd,Ridge,basic-el-vdw,Affinity_Data_Value,0.00 + 2.17 * Score,282,0.662,1.63
425,kd,Ridge,basic-el-vdw,pKd_pKi_pIC50,0.05 + 2.73 * Score,282,0.638,1.67
426,kd,Ridge,-w-el-vdw,delta_G,0.02 + 2.04 * Score,281,0.639,1.67
427,kd,Ridge,-w-el-vdw,Affinity_Data_Value,0.00 + 2.33 * Score,281,0.619,1.71
428,kd,Ridge,-w-el-vdw,pKd_pKi_pIC50,0.08 + 1.82 * Score,281,0.642,1.67
429,kd,Ridge,final,delta_G,0.01 + 2.23 * Score,285,0.649,1.65
430,kd,Ridge,final,Affinity_Data_Value,0.00 + 2.31 * Score,285,0.657,1.64
431,kd,Ridge,final,pKd_pKi_pIC50,0.06 + 2.09 * Score,285,0.651,1.65
432,kd,Lasso,basic,delta_G,0.01 + 4.20 * Score,283,0.537,1.83
433,kd,Lasso,basic,Affinity_Data_Value,0.00 + 4.33 * Score,283,0.543,1.82
434,kd,Lasso,basic,pKd_pKi_pIC50,0.04 + 4.16 * Score,283,0.536,1.83
435,kd,Lasso,-w,delta_G,0.03 + 3.04 * Score,283,0.553,1.81
436,kd,Lasso,-w,Affinity_Data_Value,0.00 + 3.27 * Score,283,0.554,1.81
437,kd,Lasso,-w,pKd_pKi_pIC50,0.16 + 2.69 * Score,283,0.552,1.81
438,kd,Lasso,basic-el,delta_G,0.01 + 4.21 * Score,283,0.537,1.83
439,kd,Lasso,basic-el,Affinity_Data_Value,0.00 + 4.33 * Score,283,0.543,1.82
440,kd,Lasso,basic-el,pKd_pKi_pIC50,0.04 + 4.17 * Score,283,0.535,1.83
441,kd,Lasso,-w-el,delta_G,0.04 + 3.01 * Score,283,0.548,1.82
442,kd,Lasso,-w-el,Affinity_Data_Value,0.00 + 3.41 * Score,283,0.555,1.81
443,kd,Lasso,-w-el,pKd_pKi_pIC50,0.15 + 2.72 * Score,283,0.553,1.81
444,kd,Lasso,basic-vdw,delta_G,0.01 + 4.21 * Score,283,0.538,1.83
445,kd,Lasso,basic-vdw,Affinity_Data_Value,0.00 + 4.33 * Score,283,0.543,1.82
446,kd,Lasso,basic-vdw,pKd_pKi_pIC50,0.04 + 4.16 * Score,283,0.536,1.83
447,kd,Lasso,-w-vdw,delta_G,0.01 + 4.21 * Score,283,0.538,1.83
448,kd,Lasso,-w-vdw,Affinity_Data_Value,0.00 + 4.33 * Score,283,0.543,1.82
449,kd,Lasso,-w-vdw,pKd_pKi_pIC50,0.04 + 4.16 * Score,283,0.536,1.83
450,kd,Lasso,basic-el-vdw,delta_G,0.01 + 2.84 * Score,282,0.636,1.68
451,kd,Lasso,basic-el-vdw,Affinity_Data_Value,0.00 + 2.19 * Score,282,0.650,1.65
452,kd,Lasso,basic-el-vdw,pKd_pKi_pIC50,0.05 + 2.73 * Score,282,0.638,1.67
453,kd,Lasso,-w-el-vdw,delta_G,0.02 + 2.03 * Score,281,0.640,1.67
454,kd,Lasso,-w-el-vdw,Affinity_Data_Value,0.00 + 2.53 * Score,282,0.604,1.73
455,kd,Lasso,-w-el-vdw,pKd_pKi_pIC50,0.08 + 1.82 * Score,281,0.643,1.67
456,kd,Lasso,final,delta_G,0.02 + 2.10 * Score,285,0.654,1.65
457,kd,Lasso,final,Affinity_Data_Value,0.00 + 2.45 * Score,285,0.655,1.64
458,kd,Lasso,final,pKd_pKi_pIC50,0.07 + 1.96 * Score,285,0.654,1.64
459,kd,ElasticNet,basic,delta_G,0.01 + 4.21 * Score,283,0.538,1.83
460,kd,ElasticNet,basic,Affinity_Data_Value,0.00 + 5.35 * Score,253,0.475,1.83
461,kd,ElasticNet,basic,pKd_pKi_pIC50,0.04 + 4.16 * Score,283,0.536,1.83
462,kd,ElasticNet,-w,delta_G,0.04 + 2.91 * Score,283,0.555,1.81
463,kd,ElasticNet,-w,Affinity_Data_Value,-0.00 + 7.92 * Score,222,-0.480,1.86
464,kd,ElasticNet,-w,pKd_pKi_pIC50,0.15 + 2.69 * Score,283,0.557,1.80
465,kd,ElasticNet,basic-el,delta_G,0.01 + 4.21 * Score,283,0.537,1.83
466,kd,ElasticNet,basic-el,Affinity_Data_Value,0.00 + 5.35 * Score,253,0.474,1.83
467,kd,ElasticNet,basic-el,pKd_pKi_pIC50,0.04 + 4.17 * Score,283,0.536,1.83
468,kd,ElasticNet,-w-el,delta_G,0.03 + 2.99 * Score,283,0.555,1.81
469,kd,ElasticNet,-w-el,Affinity_Data_Value,-0.00 + 7.88 * Score,223,-0.477,1.86
470,kd,ElasticNet,-w-el,pKd_pKi_pIC50,0.15 + 2.69 * Score,283,0.556,1.81
471,kd,ElasticNet,basic-vdw,delta_G,0.01 + 4.21 * Score,283,0.537,1.83
472,kd,ElasticNet,basic-vdw,Affinity_Data_Value,0.00 + 5.35 * Score,253,0.475,1.83
473,kd,ElasticNet,basic-vdw,pKd_pKi_pIC50,0.04 + 4.16 * Score,283,0.536,1.83
474,kd,ElasticNet,-w-vdw,delta_G,0.01 + 4.21 * Score,283,0.537,1.83
475,kd,ElasticNet,-w-vdw,Affinity_Data_Value,0.00 + 5.35 * Score,253,0.475,1.83
476,kd,ElasticNet,-w-vdw,pKd_pKi_pIC50,0.04 + 4.16 * Score,283,0.536,1.83
477,kd,ElasticNet,basic-el-vdw,delta_G,0.01 + 2.77 * Score,282,0.638,1.67
478,kd,ElasticNet,basic-el-vdw,Affinity_Data_Value,0.00 + 4.99 * Score,282,0.499,1.87
479,kd,ElasticNet,basic-el-vdw,pKd_pKi_pIC50,0.05 + 2.71 * Score,282,0.639,1.67
480,kd,ElasticNet,-w-el-vdw,delta_G,0.02 + 2.02 * Score,281,0.639,1.67
481,kd,ElasticNet,-w-el-vdw,Affinity_Data_Value,0.00 + 5.84 * Score,274,0.348,1.99
482,kd,ElasticNet,-w-el-vdw,pKd_pKi_pIC50,0.08 + 1.80 * Score,281,0.643,1.67
483,kd,ElasticNet,final,delta_G,0.02 + 2.05 * Score,285,0.652,1.65
484,kd,ElasticNet,final,Affinity_Data_Value,0.00 + 4.53 * Score,274,0.594,1.68
485,kd,ElasticNet,final,pKd_pKi_pIC50,0.07 + 1.95 * Score,285,0.654,1.64
486,kd,SVR,basic,delta_G,-1.80 + 39.89 * Score,283,-0.121,2.16
487,kd,SVR,basic,Affinity_Data_Value,0.00 + 4.47 * Score,283,0.536,1.83
488,kd,SVR,basic,pKd_pKi_pIC50,-9.79 + 64.69 * Score,283,-0.079,2.17
489,kd,SVR,-w,delta_G,-0.79 + 21.36 * Score,283,-0.329,2.05
490,kd,SVR,-w,Affinity_Data_Value,0.00 + 3.83 * Score,283,0.550,1.81
491,kd,SVR,-w,pKd_pKi_pIC50,-2.71 + 22.67 * Score,283,-0.231,2.11
492,kd,SVR,basic-el,delta_G,-1.43 + 32.07 * Score,283,-0.122,2.16
493,kd,SVR,basic-el,Affinity_Data_Value,0.00 + 4.47 * Score,283,0.535,1.84
494,kd,SVR,basic-el,pKd_pKi_pIC50,-17.46 + 109.64 * Score,283,-0.100,2.16
495,kd,SVR,-w-el,delta_G,-0.75 + 20.01 * Score,283,-0.338,2.04
496,kd,SVR,-w-el,Affinity_Data_Value,0.00 + 3.87 * Score,283,0.547,1.82
497,kd,SVR,-w-el,pKd_pKi_pIC50,-3.22 + 26.30 * Score,283,-0.325,2.05
498,kd,SVR,basic-vdw,delta_G,-1.67 + 37.45 * Score,283,-0.120,2.16
499,kd,SVR,basic-vdw,Affinity_Data_Value,0.00 + 4.47 * Score,283,0.536,1.83
500,kd,SVR,basic-vdw,pKd_pKi_pIC50,-4.84 + 35.95 * Score,283,-0.116,2.16
501,kd,SVR,-w-vdw,delta_G,-1.80 + 39.89 * Score,283,-0.121,2.16
502,kd,SVR,-w-vdw,Affinity_Data_Value,0.00 + 4.47 * Score,283,0.535,1.84
503,kd,SVR,-w-vdw,pKd_pKi_pIC50,-4.84 + 35.95 * Score,283,-0.116,2.16
504,kd,SVR,basic-el-vdw,delta_G,0.00 + 6.47 * Score,283,nan,2.17
505,kd,SVR,basic-el-vdw,Affinity_Data_Value,0.00 + 3.90 * Score,278,0.583,1.77
506,kd,SVR,basic-el-vdw,pKd_pKi_pIC50,0.13 + 5.66 * Score,283,nan,2.17
507,kd,SVR,-w-el-vdw,delta_G,-6504400846.76 + 114241346240.71 * Score,283,-0.098,2.16
508,kd,SVR,-w-el-vdw,Affinity_Data_Value,0.00 + 3.04 * Score,275,0.610,1.72
509,kd,SVR,-w-el-vdw,pKd_pKi_pIC50,-84969959737.14 + 514105680872.85 * Score,283,-0.098,2.16
510,kd,SVR,final,delta_G,-7.57 + 150.73 * Score,285,-0.201,2.13
511,kd,SVR,final,Affinity_Data_Value,0.00 + 2.64 * Score,285,0.648,1.66
512,kd,SVR,final,pKd_pKi_pIC50,-38.10 + 244.47 * Score,285,-0.195,2.13
513,kd,DecisionTree,basic,delta_G,-0.03 + 7.21 * Score,283,-0.100,2.16
514,kd,DecisionTree,basic,Affinity_Data_Value,-0.00 + 6.50 * Score,283,-0.102,2.16
515,kd,DecisionTree,basic,pKd_pKi_pIC50,-0.38 + 8.61 * Score,283,-0.251,2.10
516,kd,DecisionTree,-w,delta_G,-0.02 + 6.88 * Score,283,-0.067,2.17
517,kd,DecisionTree,-w,Affinity_Data_Value,-0.00 + 6.49 * Score,283,-0.020,2.17
518,kd,DecisionTree,-w,pKd_pKi_pIC50,-0.50 + 9.75 * Score,283,-0.301,2.07
519,kd,DecisionTree,basic-el,delta_G,0.02 + 5.92 * Score,283,0.091,2.16
520,kd,DecisionTree,basic-el,Affinity_Data_Value,-0.00 + 6.51 * Score,283,-0.079,2.17
521,kd,DecisionTree,basic-el,pKd_pKi_pIC50,0.55 + 2.63 * Score,283,0.235,2.11
522,kd,DecisionTree,-w-el,delta_G,-0.03 + 7.39 * Score,283,-0.149,2.15
523,kd,DecisionTree,-w-el,Affinity_Data_Value,-0.00 + 6.65 * Score,283,-0.150,2.15
524,kd,DecisionTree,-w-el,pKd_pKi_pIC50,0.30 + 4.06 * Score,283,0.236,2.11
525,kd,DecisionTree,basic-vdw,delta_G,-0.03 + 7.10 * Score,283,-0.055,2.17
526,kd,DecisionTree,basic-vdw,Affinity_Data_Value,-0.00 + 6.52 * Score,283,-0.039,2.17
527,kd,DecisionTree,basic-vdw,pKd_pKi_pIC50,0.20 + 4.70 * Score,283,0.177,2.14
528,kd,DecisionTree,-w-vdw,delta_G,-0.00 + 6.49 * Score,283,-0.002,2.17
529,kd,DecisionTree,-w-vdw,Affinity_Data_Value,-0.00 + 6.95 * Score,283,-0.132,2.15
530,kd,DecisionTree,-w-vdw,pKd_pKi_pIC50,0.03 + 6.27 * Score,283,0.018,2.17
531,kd,DecisionTree,basic-el-vdw,delta_G,-0.05 + 6.99 * Score,283,-0.073,2.17
532,kd,DecisionTree,basic-el-vdw,Affinity_Data_Value,-0.00 + 6.49 * Score,283,-0.026,2.17
533,kd,DecisionTree,basic-el-vdw,pKd_pKi_pIC50,0.01 + 6.41 * Score,283,0.006,2.17
534,kd,DecisionTree,-w-el-vdw,delta_G,0.06 + 5.17 * Score,283,0.192,2.13
535,kd,DecisionTree,-w-el-vdw,Affinity_Data_Value,-0.00 + 6.58 * Score,283,-0.107,2.16
536,kd,DecisionTree,-w-el-vdw,pKd_pKi_pIC50,0.09 + 5.92 * Score,283,0.042,2.17
537,kd,DecisionTree,final,delta_G,0.02 + 6.08 * Score,285,0.133,2.16
538,kd,DecisionTree,final,Affinity_Data_Value,0.00 + 6.44 * Score,285,0.086,2.17
539,kd,DecisionTree,final,pKd_pKi_pIC50,0.07 + 6.10 * Score,285,0.026,2.17
540,kd,RandomForest,basic,delta_G,-0.17 + 10.22 * Score,283,-0.116,2.16
541,kd,RandomForest,basic,Affinity_Data_Value,-0.00 + 8.75 * Score,283,-0.251,2.10
542,kd,RandomForest,basic,pKd_pKi_pIC50,-0.91 + 12.40 * Score,283,-0.080,2.17
543,kd,RandomForest,-w,delta_G,0.14 + 3.35 * Score,283,0.081,2.17
544,kd,RandomForest,-w,Affinity_Data_Value,-0.00 + 7.48 * Score,283,-0.153,2.15
545,kd,RandomForest,-w,pKd_pKi_pIC50,-1.56 + 16.85 * Score,283,-0.183,2.14
546,kd,RandomForest,basic-el,delta_G,-0.12 + 8.98 * Score,283,-0.074,2.17
547,kd,RandomForest,basic-el,Affinity_Data_Value,-0.00 + 7.38 * Score,283,-0.087,2.16
548,kd,RandomForest,basic-el,pKd_pKi_pIC50,0.17 + 5.33 * Score,283,0.019,2.17
549,kd,RandomForest,-w-el,delta_G,-0.08 + 8.10 * Score,283,-0.042,2.17
550,kd,RandomForest,-w-el,Affinity_Data_Value,-0.00 + 8.26 * Score,283,-0.218,2.12
551,kd,RandomForest,-w-el,pKd_pKi_pIC50,-0.81 + 11.74 * Score,283,-0.088,2.16
552,kd,RandomForest,basic-vdw,delta_G,-0.07 + 7.95 * Score,283,-0.041,2.17
553,kd,RandomForest,basic-vdw,Affinity_Data_Value,-0.00 + 8.18 * Score,283,-0.262,2.10
554,kd,RandomForest,basic-vdw,pKd_pKi_pIC50,-0.14 + 7.43 * Score,283,-0.017,2.17
555,kd,RandomForest,-w-vdw,delta_G,-0.05 + 7.46 * Score,283,-0.026,2.17
556,kd,RandomForest,-w-vdw,Affinity_Data_Value,-0.00 + 8.19 * Score,283,-0.280,2.09
557,kd,RandomForest,-w-vdw,pKd_pKi_pIC50,0.01 + 6.43 * Score,283,0.001,2.17
558,kd,RandomForest,basic-el-vdw,delta_G,-0.43 + 15.18 * Score,283,-0.167,2.14
559,kd,RandomForest,basic-el-vdw,Affinity_Data_Value,-0.00 + 7.59 * Score,283,-0.084,2.16
560,kd,RandomForest,basic-el-vdw,pKd_pKi_pIC50,-0.05 + 6.77 * Score,283,-0.005,2.17
561,kd,RandomForest,-w-el-vdw,delta_G,-0.61 + 19.00 * Score,283,-0.337,2.05
562,kd,RandomForest,-w-el-vdw,Affinity_Data_Value,-0.00 + 7.86 * Score,283,-0.105,2.16
563,kd,RandomForest,-w-el-vdw,pKd_pKi_pIC50,-1.37 + 15.25 * Score,283,-0.123,2.16
564,kd,RandomForest,final,delta_G,0.59 + -8.24 * Score,285,0.172,2.14
565,kd,RandomForest,final,Affinity_Data_Value,-0.00 + 6.73 * Score,285,-0.051,2.17
566,kd,RandomForest,final,pKd_pKi_pIC50,3.52 + -19.78 * Score,285,0.238,2.11
